Workbook

Sheet BangGiaCuoc
A1: MaVanDon | B1: GiaCuoc
A2: VD0001 | B2: 10500
A3: VD0002 | B3: 11000
A4: VD0003 | B4: 11500
A5: VD0004 | B5: 12000
A6: VD0005 | B6: 12500
A7: VD0006 | B7: 13000
A8: VD0007 | B8: 13500
A9: VD0008 | B9: 14000
A10: VD0009 | B10: 14500
A11: VD0010 | B11: 15000
A12: VD0011 | B12: 15500
A13: VD0012 | B13: 16000
... A501: VD0500 | B501: 260000

Sheet VanDon
A1: MaVanDon | B1: GiaCuocTraCuu
A2: VD0001 | B2: =IFERROR(VLOOKUP(TRIM($A2),BangGiaCuoc!$A$2:$B$500,2,FALSE),"Mã không hợp lệ")
A3: VD0002 | B3: =IFERROR(VLOOKUP(TRIM($A3),BangGiaCuoc!$A$2:$B$500,2,FALSE),"Mã không hợp lệ")
A4: VD0003 | B4: =IFERROR(VLOOKUP(TRIM($A4),BangGiaCuoc!$A$2:$B$500,2,FALSE),"Mã không hợp lệ")
A5: VD0004 | B5: =IFERROR(VLOOKUP(TRIM($A5),BangGiaCuoc!$A$2:$B$500,2,FALSE),"Mã không hợp lệ")
A6: VD0005 | B6: =IFERROR(VLOOKUP(TRIM($A6),BangGiaCuoc!$A$2:$B$500,2,FALSE),"Mã không hợp lệ")
A7: VD0006 | B7: =IFERROR(VLOOKUP(TRIM($A7),BangGiaCuoc!$A$2:$B$500,2,FALSE),"Mã không hợp lệ")
A8: VD0007 | B8: =IFERROR(VLOOKUP(TRIM($A8),BangGiaCuoc!$A$2:$B$500,2,FALSE),"Mã không hợp lệ")
A9: VD0008 | B9: =IFERROR(VLOOKUP(TRIM($A9),BangGiaCuoc!$A$2:$B$500,2,FALSE),"Mã không hợp lệ")
A10: VD0009 | B10: =IFERROR(VLOOKUP(TRIM($A10),BangGiaCuoc!$A$2:$B$500,2,FALSE),"Mã không hợp lệ")
A11: VD0010 | B11: =IFERROR(VLOOKUP(TRIM($A11),BangGiaCuoc!$A$2:$B$500,2,FALSE),"Mã không hợp lệ")
A12: VD0011 | B12: =IFERROR(VLOOKUP(TRIM($A12),BangGiaCuoc!$A$2:$B$500,2,FALSE),"Mã không hợp lệ")
A13: VD0012 | B13: =IFERROR(VLOOKUP(TRIM($A13),BangGiaCuoc!$A$2:$B$500,2,FALSE),"Mã không hợp lệ")
... A501: VD0500 | B501: =IFERROR(VLOOKUP(TRIM($A501),BangGiaCuoc!$A$2:$B$500,2,FALSE),"Mã không hợp lệ")

Sheet KPI
A1: ChiSo | B1: Gio
A2: Truoc tu dong hoa | B2: 16
A3: Sau tu dong hoa | B3: 2
